{
  "test_accuracy": 0.97375,
  "sup_loss": [
    1.7358515716117362,
    0.7007446723139804,
    0.3095350408035776,
    0.1555728439403617,
    0.09735278590865758,
    0.06923111957376418,
    0.05377304720003968,
    0.04529796816084696
  ],
  "unsup_loss": [
    0.033364900570038866,
    0.044497052531527435,
    0.0468534680650286,
    0.03869672054829805,
    0.030082043989197067,
    0.024459770759162697,
    0.018959752709159384,
    0.01578335063127072
  ],
  "test_acc": [
    0.785,
    0.90375,
    0.95475,
    0.96775,
    0.97025,
    0.971,
    0.968,
    0.97375
  ]
}