{
  "test_accuracy": 0.80375,
  "sup_loss": [
    1.21905719521253,
    0.17100271874147913,
    0.04948335468931043,
    0.026292136829832325,
    0.017009645255039566,
    0.012067937494620033,
    0.009201518816711463,
    0.007378788867398449
  ],
  "unsup_loss": [
    0.027988644428146275,
    0.03973863832652569,
    0.02750121417414883,
    0.017143437962817108,
    0.012289427443528953,
    0.009276054080818658,
    0.007700001780429612,
    0.007211396693373504
  ],
  "test_acc": [
    0.7075,
    0.78175,
    0.791,
    0.79825,
    0.79575,
    0.796,
    0.7985,
    0.80375
  ]
}