{
  "test_accuracy": 0.84575,
  "sup_loss": [
    1.435475432354471,
    0.3056006152992663,
    0.07734669105190298,
    0.03560390003511439,
    0.021778617216193157,
    0.014871755736353605,
    0.01094810381207777,
    0.008616132985638536
  ],
  "unsup_loss": [
    0.03458559513092041,
    0.044099379492842636,
    0.03365259714748548,
    0.021561136914660103,
    0.016025970568475517,
    0.01322365829559124,
    0.011950493446024864,
    0.011442204248969969
  ],
  "test_acc": [
    0.73775,
    0.83325,
    0.84625,
    0.852,
    0.85325,
    0.85525,
    0.85625,
    0.84575
  ]
}