{
  "test_accuracy": 0.93925,
  "sup_loss": [
    1.6257997569830522,
    0.5118732517180236,
    0.16076100779616315,
    0.06944654792871165,
    0.037053139232422996,
    0.023926768451929092,
    0.01686747515898036,
    0.011978100681596476
  ],
  "unsup_loss": [
    0.034635717859086784,
    0.04528284502094206,
    0.0420695748180151,
    0.029826442265640133,
    0.023003400141454262,
    0.01945654922367438,
    0.01612819812220076,
    0.013931257771733015
  ],
  "test_acc": [
    0.76775,
    0.90175,
    0.931,
    0.93375,
    0.9385,
    0.938,
    0.93975,
    0.93925
  ]
}