{
  "test_accuracy": 0.9715,
  "sup_loss": [
    1.9932042475669616,
    1.0669983125502063,
    0.614495785005631,
    0.3731151569274164,
    0.2184736579656601,
    0.15549777616416255,
    0.1090267013397909,
    0.0937567624834276
  ],
  "unsup_loss": [
    0.022539857504588943,
    0.04198513366281986,
    0.04443820746194932,
    0.04792265762244501,
    0.04340884870579166,
    0.037259642755792986,
    0.03139146417379379,
    0.026008848821924578
  ],
  "test_acc": [
    0.6775,
    0.8585,
    0.897,
    0.92975,
    0.96425,
    0.96075,
    0.9715,
    0.9715
  ]
}