{
  "test_accuracy": 0.9615,
  "sup_loss": [
    1.6902724206447601,
    0.6589340761951779,
    0.24964663030012793,
    0.11066938466999841,
    0.06380665561427241,
    0.03785760919361011,
    0.029947942568232185,
    0.021701814141124487,
    0.0178484586674882,
    0.014260821712567755,
    0.011474150040632358,
    0.009847341935433771
  ],
  "unsup_loss": [
    0.028665985952576866,
    0.04399387348119332,
    0.04613194655141105,
    0.03529902300594941,
    0.027334123282976772,
    0.02148187435839487,
    0.018110922881928476,
    0.015011646845580442,
    0.013026307964616495,
    0.01134685048347582,
    0.009922009811777136,
    0.008970919733300158
  ],
  "test_acc": [
    0.75275,
    0.894,
    0.9475,
    0.9545,
    0.9565,
    0.9635,
    0.96025,
    0.963,
    0.96125,
    0.961,
    0.96375,
    0.9615
  ]
}