{
  "test_accuracy": 0.95525,
  "sup_loss": [
    1.6597985262456147,
    0.6304565221071243,
    0.23101411614081133,
    0.10275010505448216,
    0.0599079375843639,
    0.03859332475163366,
    0.030180066216575062,
    0.02163528754254398
  ],
  "unsup_loss": [
    0.019757138362721256,
    0.04606654308736324,
    0.04602564628357473,
    0.03542045297344094,
    0.027499274026764477,
    0.021491684222027012,
    0.018032271010072334,
    0.015110926277449598
  ],
  "test_acc": [
    0.77275,
    0.9185,
    0.94075,
    0.95825,
    0.95525,
    0.958,
    0.959,
    0.95525
  ]
}